Trial,StartTime,Duration,Frequency,dB_SPL
1,6.3092,0.1,4800,70
2,7.00915,0.1,12095.242,70
3,7.7988,0.1,188.988,70
4,8.6137,0.1,19200,70
5,9.3991,0.1,1511.905,70
6,10.19845,0.1,377.976,70
7,11.0142,0.1,9600,70
8,11.79925,0.1,7619.525,70
9,12.5993,0.1,1904.881,70
10,13.39885,0.1,476.22,70
11,14.30605,0.1,1200,70
12,15.19975,0.1,952.441,70
13,15.99945,0.1,6047.621,70
14,16.9061,0.1,600,70
15,17.61985,0.1,2400,70
16,18.30025,0.1,150,70
17,19.0001,0.1,3809.763,70
18,19.6997,0.1,15239.05,70
19,20.40055,0.1,300,70
20,21.11055,0.1,755.953,70
21,21.7997,0.1,3023.811,70
22,22.6088,0.1,238.11,70
23,23.2992,0.1,12095.242,60
24,24.017,0.1,1200,60
25,24.9064,0.1,2400,60
26,25.813,0.1,300,60
27,26.8102,0.1,19200,60
28,27.6051,0.1,6047.621,60
29,28.61075,0.1,188.988,60
30,29.40085,0.1,15239.05,60
31,30.21,0.1,1904.881,60
32,31.00735,0.1,238.11,60
33,31.81875,0.1,755.953,60
34,32.6037,0.1,952.441,60
35,33.3022,0.1,9600,60
36,34.20615,0.1,7619.525,60
37,34.9008,0.1,3809.763,60
38,35.70095,0.1,377.976,60
39,36.60345,0.1,150,60
40,37.4134,0.1,4800,60
41,38.20395,0.1,476.22,60
42,39.12545,0.1,3023.811,60
43,40.00055,0.1,1511.905,60
44,40.90485,0.1,600,60
45,41.601,0.1,2400,50
46,42.30145,0.1,1511.905,50
47,43.2006,0.1,188.988,50
48,44.00165,0.1,476.22,50
49,44.8097,0.1,3023.811,50
50,45.61115,0.1,12095.242,50
51,46.5014,0.1,7619.525,50
52,47.3019,0.1,150,50
53,48.00895,0.1,600,50
54,48.8026,0.1,1904.881,50
55,49.62505,0.1,3809.763,50
56,50.6129,0.1,1200,50
57,51.4018,0.1,9600,50
58,52.31255,0.1,6047.621,50
59,53.22275,0.1,300,50
60,54.00685,0.1,377.976,50
61,54.80335,0.1,755.953,50
62,55.60835,0.1,952.441,50
63,56.3067,0.1,4800,50
64,57.11195,0.1,238.11,50
65,58.01885,0.1,15239.05,50
66,58.821,0.1,19200,50
67,59.70535,0.1,476.22,40
68,60.60305,0.1,12095.242,40
69,61.4023,0.1,377.976,40
70,62.20275,0.1,1511.905,40
71,63.01435,0.1,755.953,40
72,63.9037,0.1,150,40
73,64.80355,0.1,15239.05,40
74,65.60465,0.1,6047.621,40
75,66.50435,0.1,600,40
76,67.40575,0.1,9600,40
77,68.3113,0.1,3023.811,40
78,69.20955,0.1,19200,40
79,69.91445,0.1,300,40
80,70.71355,0.1,7619.525,40
81,71.50615,0.1,238.11,40
82,72.30825,0.1,188.988,40
83,73.0182,0.1,1904.881,40
84,73.72655,0.1,3809.763,40
85,74.6093,0.1,2400,40
86,75.3038,0.1,952.441,40
87,76.20375,0.1,4800,40
88,76.90705,0.1,1200,40
89,77.808,0.1,1200,70
90,78.5044,0.1,755.953,70
91,79.2038,0.1,476.22,70
92,80.0105,0.1,150,70
93,80.70485,0.1,3809.763,70
94,81.4087,0.1,1904.881,70
95,82.3056,0.1,3023.811,70
96,83.10625,0.1,1511.905,70
97,84.0079,0.1,952.441,70
98,84.9076,0.1,9600,70
99,85.60485,0.1,300,70
100,86.5049,0.1,2400,70
101,87.4134,0.1,15239.05,70
102,88.2069,0.1,600,70
103,89.01535,0.1,12095.242,70
104,89.7091,0.1,188.988,70
105,90.6049,0.1,19200,70
106,91.3103,0.1,4800,70
107,92.0053,0.1,238.11,70
108,92.91145,0.1,377.976,70
109,93.80545,0.1,6047.621,70
110,94.52505,0.1,7619.525,70
111,95.305,0.1,7619.525,60
112,96.10555,0.1,755.953,60
113,97.0154,0.1,4800,60
114,97.91445,0.1,300,60
115,98.718,0.1,12095.242,60
116,99.50535,0.1,6047.621,60
117,100.40645,0.1,15239.05,60
118,101.20615,0.1,1200,60
119,102.1101,0.1,3809.763,60
120,102.80665,0.1,238.11,60
121,103.60945,0.1,3023.811,60
122,104.50765,0.1,1511.905,60
123,105.21475,0.1,2400,60
124,105.9145,0.1,600,60
125,106.6105,0.1,19200,60
126,107.30605,0.1,9600,60
127,108.1171,0.1,952.441,60
128,108.9195,0.1,150,60
129,109.621,0.1,377.976,60
130,110.4145,0.1,188.988,60
131,111.11835,0.1,1904.881,60
132,111.8283,0.1,476.22,60
133,112.50705,0.1,1511.905,50
134,113.2116,0.1,600,50
135,114.10775,0.1,3023.811,50
136,115.00825,0.1,476.22,50
137,115.90745,0.1,6047.621,50
138,116.8126,0.1,12095.242,50
139,117.51625,0.1,377.976,50
140,118.3113,0.1,755.953,50
141,119.0079,0.1,2400,50
142,119.62175,0.1,19200,50
143,120.4083,0.1,952.441,50
144,121.21245,0.1,4800,50
145,122.01135,0.1,9600,50
146,122.8111,0.1,1904.881,50
147,123.60805,0.1,1200,50
148,124.3227,0.1,150,50
149,125.1079,0.1,15239.05,50
150,126.02235,0.1,188.988,50
151,126.9091,0.1,238.11,50
152,127.7083,0.1,3809.763,50
153,128.609,0.1,7619.525,50
154,129.408,0.1,300,50
155,130.1089,0.1,19200,40
156,130.90825,0.1,1200,40
157,131.60855,0.1,600,40
158,132.3162,0.1,755.953,40
159,133.00905,0.1,4800,40
160,133.71395,0.1,7619.525,40
161,134.62415,0.1,300,40
162,135.4194,0.1,12095.242,40
163,136.3092,0.1,952.441,40
164,137.0206,0.1,188.988,40
165,137.71675,0.1,1511.905,40
166,138.5223,0.1,150,40
167,139.20895,0.1,9600,40
168,140.11045,0.1,3023.811,40
169,141.0283,0.1,15239.05,40
170,141.8095,0.1,238.11,40
171,142.40885,0.1,476.22,40
172,143.2175,0.1,2400,40
173,144.11075,0.1,377.976,40
174,145.00955,0.1,1904.881,40
175,145.70955,0.1,3809.763,40
176,146.5095,0.1,6047.621,40
177,147.31035,0.1,15239.05,70
178,148.01115,0.1,6047.621,70
179,148.91035,0.1,476.22,70
180,149.6105,0.1,377.976,70
181,150.4157,0.1,4800,70
182,151.21705,0.1,600,70
183,152.11845,0.1,1904.881,70
184,153.02755,0.1,1511.905,70
185,153.71125,0.1,188.988,70
186,154.4121,0.1,238.11,70
187,155.11275,0.1,755.953,70
188,156.01,0.1,19200,70
189,156.81035,0.1,9600,70
190,157.51935,0.1,3809.763,70
191,158.2204,0.1,1200,70
192,159.0111,0.1,300,70
193,159.91365,0.1,150,70
194,160.7106,0.1,7619.525,70
195,161.41555,0.1,2400,70
196,162.11115,0.1,3023.811,70
197,163.0112,0.1,12095.242,70
198,163.8268,0.1,952.441,70
199,164.61845,0.1,6047.621,60
200,165.521,0.1,3023.811,60
201,166.31925,0.1,238.11,60
202,167.1119,0.1,188.988,60
203,168.0123,0.1,952.441,60
204,168.9219,0.1,300,60
205,169.7174,0.1,3809.763,60
206,170.5138,0.1,1904.881,60
207,171.4132,0.1,4800,60
208,172.11535,0.1,12095.242,60
209,172.91175,0.1,9600,60
210,173.71705,0.1,1200,60
211,174.41775,0.1,150,60
212,175.113,0.1,600,60
213,176.0123,0.1,755.953,60
214,176.91815,0.1,7619.525,60
215,177.62445,0.1,1511.905,60
216,178.512,0.1,15239.05,60
217,179.2119,0.1,377.976,60
218,180.1157,0.1,19200,60
219,181.02355,0.1,476.22,60
220,181.81225,0.1,2400,60
221,182.7194,0.1,300,50
222,183.51325,0.1,1200,50
223,184.4141,0.1,188.988,50
224,185.21365,0.1,2400,50
225,185.9143,0.1,600,50
226,186.71345,0.1,12095.242,50
227,187.6155,0.1,7619.525,50
228,188.31625,0.1,150,50
229,189.12855,0.1,755.953,50
230,190.0199,0.1,1511.905,50
231,190.71805,0.1,6047.621,50
232,191.62445,0.1,952.441,50
233,192.522,0.1,377.976,50
234,193.3139,0.1,238.11,50
235,194.0193,0.1,19200,50
236,194.8378,0.1,1904.881,50
237,195.62365,0.1,9600,50
238,196.51705,0.1,476.22,50
239,197.418,0.1,3023.811,50
240,198.3281,0.1,4800,50
241,199.2141,0.1,15239.05,50
242,200.016,0.1,3809.763,50
243,200.91735,0.1,755.953,40
244,201.7289,0.1,600,40
245,202.41555,0.1,19200,40
246,203.21485,0.1,9600,40
247,204.1249,0.1,2400,40
248,204.91595,0.1,3023.811,40
249,205.814,0.1,7619.525,40
250,206.71815,0.1,1200,40
251,207.6304,0.1,3809.763,40
252,208.41875,0.1,377.976,40
253,209.32095,0.1,15239.05,40
254,210.01855,0.1,6047.621,40
255,210.71435,0.1,12095.242,40
256,211.4147,0.1,476.22,40
257,212.21565,0.1,1511.905,40
258,213.0223,0.1,238.11,40
259,213.91565,0.1,150,40
260,214.72675,0.1,188.988,40
261,215.515,0.1,300,40
262,216.3166,0.1,4800,40
263,217.2207,0.1,1904.881,40
264,217.9244,0.1,952.441,40
265,218.8255,0.1,12095.242,70
266,219.6288,0.1,19200,70
267,220.517,0.1,7619.525,70
268,221.31705,0.1,377.976,70
269,222.12105,0.1,1511.905,70
270,222.8212,0.1,9600,70
271,223.62825,0.1,3023.811,70
272,224.5213,0.1,150,70
273,225.21635,0.1,1200,70
274,226.0189,0.1,755.953,70
275,226.9349,0.1,188.988,70
276,227.6167,0.1,600,70
277,228.5177,0.1,15239.05,70
278,229.41705,0.1,2400,70
279,230.1172,0.1,1904.881,70
280,230.8167,0.1,238.11,70
281,231.7169,0.1,476.22,70
282,232.62185,0.1,3809.763,70
283,233.421,0.1,952.441,70
284,234.3168,0.1,300,70
285,235.02555,0.1,6047.621,70
286,235.91755,0.1,4800,70
287,236.61735,0.1,300,60
288,237.41835,0.1,1200,60
289,238.11885,0.1,1511.905,60
290,239.01955,0.1,1904.881,60
291,239.81775,0.1,238.11,60
292,240.7187,0.1,150,60
293,241.6178,0.1,9600,60
294,242.3231,0.1,12095.242,60
295,243.2267,0.1,3023.811,60
296,244.03095,0.1,476.22,60
297,244.91975,0.1,952.441,60
298,245.8182,0.1,755.953,60
299,246.71765,0.1,188.988,60
300,247.4316,0.1,7619.525,60
301,248.21885,0.1,15239.05,60
302,249.01965,0.1,2400,60
303,249.92825,0.1,377.976,60
304,250.8265,0.1,19200,60
305,251.71835,0.1,600,60
306,252.5236,0.1,3809.763,60
307,253.31875,0.1,4800,60
308,254.22775,0.1,6047.621,60
309,254.92725,0.1,15239.05,50
310,255.8192,0.1,7619.525,50
311,256.6244,0.1,19200,50
312,257.32015,0.1,3023.811,50
313,258.224,0.1,4800,50
314,258.9251,0.1,3809.763,50
315,259.61935,0.1,2400,50
316,260.42395,0.1,300,50
317,261.1236,0.1,755.953,50
318,261.81955,0.1,238.11,50
319,262.6195,0.1,6047.621,50
320,263.4198,0.1,1904.881,50
321,264.2234,0.1,1511.905,50
322,265.0192,0.1,377.976,50
323,265.7258,0.1,12095.242,50
324,266.42525,0.1,600,50
325,267.12295,0.1,952.441,50
326,267.82835,0.1,150,50
327,268.72065,0.1,188.988,50
328,269.42175,0.1,476.22,50
329,270.3284,0.1,9600,50
330,271.2308,0.1,1200,50
331,272.12245,0.1,150,40
332,273.0209,0.1,476.22,40
333,273.7203,0.1,3023.811,40
334,274.4287,0.1,952.441,40
335,275.2242,0.1,755.953,40
336,275.92395,0.1,238.11,40
337,276.81995,0.1,600,40
338,277.7307,0.1,1200,40
339,278.5202,0.1,300,40
340,279.22695,0.1,9600,40
341,280.1214,0.1,2400,40
342,280.8207,0.1,4800,40
343,281.62065,0.1,19200,40
344,282.42055,0.1,1904.881,40
345,283.2259,0.1,188.988,40
346,284.2359,0.1,7619.525,40
347,285.12125,0.1,377.976,40
348,286.02715,0.1,15239.05,40
349,286.7273,0.1,6047.621,40
350,287.53845,0.1,12095.242,40
351,288.2326,0.1,1511.905,40
352,289.12995,0.1,3809.763,40
353,289.92135,0.1,9600,70
354,290.6467,0.1,1511.905,70
355,291.4225,0.1,188.988,70
356,292.3367,0.1,3023.811,70
357,293.2229,0.1,476.22,70
358,294.12175,0.1,238.11,70
359,294.92525,0.1,150,70
360,295.7237,0.1,19200,70
361,296.6268,0.1,4800,70
362,297.42645,0.1,600,70
363,298.3272,0.1,3809.763,70
364,299.0218,0.1,300,70
365,299.8266,0.1,6047.621,70
366,300.62415,0.1,952.441,70
367,301.52195,0.1,2400,70
368,302.2221,0.1,7619.525,70
369,303.0235,0.1,12095.242,70
370,303.83065,0.1,1904.881,70
371,304.5253,0.1,377.976,70
372,305.42775,0.1,15239.05,70
373,306.3289,0.1,755.953,70
374,307.12295,0.1,1200,70
375,308.023,0.1,3023.811,60
376,308.7298,0.1,300,60
377,309.52305,0.1,377.976,60
378,310.225,0.1,755.953,60
379,311.02305,0.1,6047.621,60
380,311.927,0.1,600,60
381,312.62905,0.1,238.11,60
382,313.3242,0.1,476.22,60
383,314.12335,0.1,1904.881,60
384,314.837,0.1,150,60
385,315.72725,0.1,15239.05,60
386,316.6335,0.1,3809.763,60
387,317.3374,0.1,1200,60
388,318.0238,0.1,9600,60
389,318.8322,0.1,19200,60
390,319.64105,0.1,4800,60
391,320.62455,0.1,12095.242,60
392,321.5257,0.1,7619.525,60
393,322.3247,0.1,952.441,60
394,323.22815,0.1,2400,60
395,324.0371,0.1,1511.905,60
396,324.8355,0.1,188.988,60
397,325.7328,0.1,377.976,50
398,326.52525,0.1,7619.525,50
399,327.42685,0.1,238.11,50
400,328.3299,0.1,2400,50
401,329.15035,0.1,12095.242,50
402,330.03055,0.1,19200,50
403,330.9252,0.1,3023.811,50
404,331.62585,0.1,1904.881,50
405,332.42465,0.1,4800,50
406,333.327,0.1,3809.763,50
407,334.1404,0.1,952.441,50
408,335.0357,0.1,476.22,50
409,335.9421,0.1,9600,50
410,336.94785,0.1,600,50
411,337.82585,0.1,1200,50
412,338.5278,0.1,188.988,50
413,339.2272,0.1,755.953,50
414,340.0345,0.1,150,50
415,340.8271,0.1,300,50
416,341.73885,0.1,15239.05,50
417,342.62695,0.1,1511.905,50
418,343.42615,0.1,6047.621,50
419,344.2302,0.1,377.976,40
420,344.9286,0.1,1200,40
421,345.83575,0.1,600,40
422,346.6407,0.1,755.953,40
423,347.3379,0.1,952.441,40
424,348.23345,0.1,3023.811,40
425,349.0263,0.1,15239.05,40
426,349.7386,0.1,9600,40
427,350.62705,0.1,300,40
428,351.32625,0.1,476.22,40
429,352.03515,0.1,2400,40
430,352.7273,0.1,12095.242,40
431,353.42695,0.1,4800,40
432,354.1271,0.1,19200,40
433,354.93035,0.1,1511.905,40
434,355.63865,0.1,1904.881,40
435,356.327,0.1,3809.763,40
436,357.0349,0.1,150,40
437,357.93645,0.1,7619.525,40
438,358.73805,0.1,238.11,40
439,359.6328,0.1,6047.621,40
440,360.42705,0.1,188.988,40
441,361.3275,0.1,755.953,70
442,362.13645,0.1,3023.811,70
443,362.82795,0.1,952.441,70
444,363.7298,0.1,7619.525,70
445,364.6327,0.1,6047.621,70
446,365.4276,0.1,2400,70
447,366.228,0.1,9600,70
448,367.03175,0.1,300,70
449,367.73395,0.1,476.22,70
450,368.6283,0.1,19200,70
451,369.5554,0.1,150,70
452,370.4311,0.1,238.11,70
453,371.33815,0.1,1200,70
454,372.04175,0.1,1904.881,70
455,372.93465,0.1,4800,70
456,373.62785,0.1,188.988,70
457,374.3328,0.1,15239.05,70
458,375.03625,0.1,12095.242,70
459,375.7314,0.1,3809.763,70
460,376.5488,0.1,1511.905,70
461,377.22915,0.1,377.976,70
462,378.13795,0.1,600,70
463,379.04415,0.1,238.11,60
464,379.9517,0.1,1904.881,60
465,380.74005,0.1,19200,60
466,381.62975,0.1,600,60
467,382.54345,0.1,15239.05,60
468,383.3316,0.1,150,60
469,384.02885,0.1,377.976,60
470,384.9295,0.1,4800,60
471,385.52915,0.1,300,60
472,386.2367,0.1,12095.242,60
473,387.132,0.1,3023.811,60
474,387.9341,0.1,6047.621,60
475,388.63815,0.1,755.953,60
476,389.3449,0.1,952.441,60
477,390.23495,0.1,1200,60
478,390.9312,0.1,3809.763,60
479,391.6299,0.1,7619.525,60
480,392.54085,0.1,2400,60
481,393.3306,0.1,1511.905,60
482,394.1298,0.1,188.988,60
483,394.93745,0.1,476.22,60
484,395.84365,0.1,9600,60
485,396.53065,0.1,6047.621,50
486,397.33675,0.1,150,50
487,398.0311,0.1,755.953,50
488,398.93025,0.1,2400,50
489,399.7374,0.1,1511.905,50
490,400.6313,0.1,188.988,50
491,401.33165,0.1,600,50
492,402.13055,0.1,3809.763,50
493,403.0353,0.1,1904.881,50
494,403.7316,0.1,476.22,50
495,404.4321,0.1,238.11,50
496,405.1427,0.1,1200,50
497,405.9352,0.1,12095.242,50
498,406.73055,0.1,9600,50
499,407.4355,0.1,15239.05,50
500,408.3317,0.1,19200,50
501,409.1455,0.1,952.441,50
502,409.84065,0.1,3023.811,50
503,410.53165,0.1,377.976,50
504,411.23175,0.1,7619.525,50
505,412.13445,0.1,4800,50
506,412.83205,0.1,300,50
507,413.53615,0.1,2400,40
508,414.2317,0.1,300,40
509,414.945,0.1,4800,40
510,415.8318,0.1,150,40
511,416.6322,0.1,755.953,40
512,417.5321,0.1,476.22,40
513,418.34435,0.1,3809.763,40
514,419.13645,0.1,1904.881,40
515,419.9337,0.1,7619.525,40
516,420.7328,0.1,6047.621,40
517,421.447,0.1,377.976,40
518,422.13395,0.1,3023.811,40
519,422.83205,0.1,9600,40
520,423.73695,0.1,952.441,40
521,424.6322,0.1,1511.905,40
522,425.34125,0.1,1200,40
523,426.13625,0.1,600,40
524,426.93295,0.1,15239.05,40
525,427.63365,0.1,12095.242,40
526,428.54355,0.1,238.11,40
527,429.34655,0.1,19200,40
528,430.1401,0.1,188.988,40
529,430.84455,0.1,9600,70
530,431.63955,0.1,300,70
531,432.53785,0.1,755.953,70
532,433.444,0.1,4800,70
533,434.23895,0.1,3809.763,70
534,434.9343,0.1,377.976,70
535,435.8379,0.1,600,70
536,436.6412,0.1,1200,70
537,437.5431,0.1,238.11,70
538,438.33595,0.1,150,70
539,439.241,0.1,952.441,70
540,439.93865,0.1,15239.05,70
541,440.6376,0.1,1904.881,70
542,441.5394,0.1,19200,70
543,442.2478,0.1,7619.525,70
544,443.1511,0.1,188.988,70
545,444.0348,0.1,1511.905,70
546,444.86575,0.1,476.22,70
547,445.6379,0.1,2400,70
548,446.5456,0.1,3023.811,70
549,447.33485,0.1,6047.621,70
550,448.1459,0.1,12095.242,70
551,448.8348,0.1,300,60
552,449.53465,0.1,755.953,60
553,450.23505,0.1,1200,60
554,451.1359,0.1,3023.811,60
555,451.8372,0.1,238.11,60
556,452.544,0.1,6047.621,60
557,453.3356,0.1,12095.242,60
558,454.24945,0.1,188.988,60
559,454.9375,0.1,377.976,60
560,455.8439,0.1,4800,60
561,456.5438,0.1,3809.763,60
562,457.33775,0.1,15239.05,60
563,458.0392,0.1,476.22,60
564,458.95195,0.1,7619.525,60
565,459.83515,0.1,150,60
566,460.53575,0.1,9600,60
567,461.3395,0.1,1904.881,60
568,462.1352,0.1,1511.905,60
569,463.0392,0.1,600,60
570,463.8433,0.1,952.441,60
571,464.73885,0.1,2400,60
572,465.53605,0.1,19200,60
573,466.33595,0.1,7619.525,50
574,467.13595,0.1,19200,50
575,467.8364,0.1,1904.881,50
576,468.7372,0.1,150,50
577,469.53625,0.1,1511.905,50
578,470.2416,0.1,476.22,50
579,471.0385,0.1,12095.242,50
580,471.93595,0.1,2400,50
581,472.75065,0.1,15239.05,50
582,473.43745,0.1,4800,50
583,474.33715,0.1,3023.811,50
584,475.1561,0.1,9600,50
585,475.94385,0.1,3809.763,50
586,476.63635,0.1,377.976,50
587,477.35765,0.1,952.441,50
588,478.14185,0.1,188.988,50
589,478.9372,0.1,600,50
590,479.84145,0.1,6047.621,50
591,480.5481,0.1,238.11,50
592,481.4394,0.1,755.953,50
593,482.33815,0.1,300,50
594,483.03675,0.1,1200,50
595,483.93765,0.1,1904.881,40
596,484.6378,0.1,3809.763,40
597,485.43925,0.1,15239.05,40
598,486.2574,0.1,1200,40
599,486.93915,0.1,476.22,40
600,487.5527,0.1,952.441,40
601,488.4509,0.1,2400,40
602,489.34005,0.1,300,40
603,490.14255,0.1,7619.525,40
604,490.8489,0.1,600,40
605,491.6435,0.1,3023.811,40
606,492.33835,0.1,19200,40
607,493.23765,0.1,4800,40
608,494.04275,0.1,9600,40
609,494.73905,0.1,238.11,40
610,495.65295,0.1,150,40
611,496.53945,0.1,12095.242,40
612,497.44345,0.1,6047.621,40
613,498.13895,0.1,188.988,40
614,498.84315,0.1,1511.905,40
615,499.7395,0.1,377.976,40
616,500.64255,0.1,755.953,40
617,501.53905,0.1,6047.621,70
618,502.3385,0.1,1200,70
619,503.1652,0.1,3023.811,70
620,504.06065,0.1,15239.05,70
621,504.8404,0.1,2400,70
622,505.64795,0.1,9600,70
623,506.3515,0.1,188.988,70
624,507.24585,0.1,755.953,70
625,507.9519,0.1,4800,70
626,508.7399,0.1,19200,70
627,509.64005,0.1,952.441,70
628,510.34065,0.1,600,70
629,511.2592,0.1,238.11,70
630,511.9436,0.1,476.22,70
631,512.83995,0.1,377.976,70
632,513.7459,0.1,1511.905,70
633,514.44725,0.1,150,70
634,515.24345,0.1,300,70
635,516.1401,0.1,7619.525,70
636,516.83975,0.1,12095.242,70
637,517.741,0.1,3809.763,70
638,518.5473,0.1,1904.881,70
639,519.4413,0.1,19200,60
640,520.3419,0.1,952.441,60
641,521.04305,0.1,755.953,60
642,521.75145,0.1,4800,60
643,522.54045,0.1,600,60
644,523.34055,0.1,1511.905,60
645,524.24175,0.1,6047.621,60
646,525.1469,0.1,300,60
647,525.9415,0.1,188.988,60
648,526.6409,0.1,15239.05,60
649,527.34115,0.1,476.22,60
650,528.24555,0.1,377.976,60
651,529.0424,0.1,9600,60
652,529.9415,0.1,2400,60
653,530.64675,0.1,150,60
654,531.5411,0.1,238.11,60
655,532.2459,0.1,1904.881,60
656,533.15415,0.1,3023.811,60
657,534.05495,0.1,1200,60
658,534.8423,0.1,12095.242,60
659,535.5457,0.1,3809.763,60
660,536.24185,0.1,7619.525,60
661,537.1423,0.1,4800,50
662,538.05075,0.1,600,50
663,538.75285,0.1,6047.621,50
664,539.64245,0.1,238.11,50
665,540.54625,0.1,300,50
666,541.35705,0.1,476.22,50
667,542.2431,0.1,1200,50
668,542.9546,0.1,19200,50
669,543.6465,0.1,7619.525,50
670,544.54285,0.1,2400,50
671,545.4427,0.1,15239.05,50
672,546.1464,0.1,3023.811,50
673,546.94325,0.1,755.953,50
674,547.7476,0.1,150,50
675,548.4488,0.1,9600,50
676,549.14315,0.1,1904.881,50
677,549.96585,0.1,1511.905,50
678,550.778,0.1,952.441,50
679,551.5483,0.1,377.976,50
680,552.24555,0.1,12095.242,50
681,552.9466,0.1,188.988,50
682,553.74425,0.1,3809.763,50
683,554.6454,0.1,4800,40
684,555.35385,0.1,6047.621,40
685,556.24355,0.1,12095.242,40
686,557.0538,0.1,7619.525,40
687,557.8452,0.1,9600,40
688,558.5443,0.1,600,40
689,559.2559,0.1,19200,40
690,560.05185,0.1,952.441,40
691,560.7567,0.1,15239.05,40
692,561.5442,0.1,188.988,40
693,562.444,0.1,150,40
694,563.3444,0.1,476.22,40
695,564.2444,0.1,1200,40
696,565.14415,0.1,238.11,40
697,566.0447,0.1,377.976,40
698,566.85515,0.1,755.953,40
699,567.74445,0.1,3809.763,40
700,568.45645,0.1,1904.881,40
701,569.14505,0.1,300,40
702,570.054,0.1,1511.905,40
703,570.9485,0.1,2400,40
704,571.75585,0.1,3023.811,40
705,572.6468,0.1,15239.05,70
706,573.4475,0.1,9600,70
707,574.2499,0.1,377.976,70
708,574.94935,0.1,1200,70
709,575.7455,0.1,476.22,70
710,576.46455,0.1,12095.242,70
711,577.14585,0.1,600,70
712,577.84565,0.1,150,70
713,578.5526,0.1,952.441,70
714,579.3456,0.1,1904.881,70
715,580.04535,0.1,188.988,70
716,580.8597,0.1,1511.905,70
717,581.754,0.1,4800,70
718,582.5471,0.1,6047.621,70
719,583.24645,0.1,300,70
720,584.04635,0.1,3809.763,70
721,584.94545,0.1,19200,70
722,585.78055,0.1,755.953,70
723,586.45685,0.1,238.11,70
724,587.1463,0.1,2400,70
725,587.8553,0.1,7619.525,70
726,588.74785,0.1,3023.811,70
727,589.55315,0.1,9600,60
728,590.4493,0.1,600,60
729,591.35165,0.1,238.11,60
730,592.1466,0.1,2400,60
731,592.94675,0.1,3023.811,60
732,593.8733,0.1,476.22,60
733,594.75525,0.1,6047.621,60
734,595.64735,0.1,19200,60
735,596.4469,0.1,1511.905,60
736,597.1507,0.1,12095.242,60
737,597.85035,0.1,1200,60
738,598.6473,0.1,755.953,60
739,599.36165,0.1,1904.881,60
740,600.2501,0.1,150,60
741,601.04905,0.1,4800,60
742,601.8494,0.1,15239.05,60
743,602.75,0.1,952.441,60
744,603.55125,0.1,300,60
745,604.3493,0.1,7619.525,60
746,605.1489,0.1,3809.763,60
747,606.05,0.1,188.988,60
748,606.8565,0.1,377.976,60
749,607.5486,0.1,300,50
750,608.24715,0.1,755.953,50
751,609.15665,0.1,1511.905,50
752,610.05575,0.1,6047.621,50
753,610.9515,0.1,377.976,50
754,611.6491,0.1,19200,50
755,612.5492,0.1,4800,50
756,613.3616,0.1,2400,50
757,614.1594,0.1,150,50
758,614.9482,0.1,1904.881,50
759,615.7624,0.1,476.22,50
760,616.6514,0.1,188.988,50
761,617.56585,0.1,600,50
762,618.35155,0.1,7619.525,50
763,619.0539,0.1,3809.763,50
764,619.949,0.1,952.441,50
765,620.75515,0.1,9600,50
766,621.67255,0.1,15239.05,50
767,622.35005,0.1,12095.242,50
768,623.05185,0.1,1200,50
769,623.96195,0.1,238.11,50
770,624.84935,0.1,3023.811,50
771,625.7575,0.1,377.976,40
772,626.65665,0.1,238.11,40
773,627.3556,0.1,600,40
774,628.1495,0.1,188.988,40
775,629.0495,0.1,300,40
776,629.84975,0.1,1511.905,40
777,630.75985,0.1,150,40
778,631.4497,0.1,1904.881,40
779,632.35615,0.1,476.22,40
780,633.25715,0.1,3809.763,40
781,634.05665,0.1,952.441,40
782,634.85005,0.1,7619.525,40
783,635.55085,0.1,19200,40
784,636.46665,0.1,6047.621,40
785,637.15305,0.1,12095.242,40
786,637.95215,0.1,2400,40
787,638.86215,0.1,1200,40
788,639.65045,0.1,4800,40
789,640.45055,0.1,15239.05,40
790,641.2667,0.1,9600,40
791,641.95175,0.1,755.953,40
792,642.85065,0.1,3023.811,40
793,643.7513,0.1,150,70
794,644.55825,0.1,300,70
795,645.4503,0.1,7619.525,70
796,646.35035,0.1,1904.881,70
797,647.1611,0.1,1200,70
798,647.8543,0.1,2400,70
799,648.75115,0.1,952.441,70
800,649.45455,0.1,9600,70
801,650.2513,0.1,377.976,70
802,650.9561,0.1,1511.905,70
803,651.7568,0.1,12095.242,70
804,652.65195,0.1,238.11,70
805,653.3644,0.1,19200,70
806,654.2525,0.1,755.953,70
807,655.15765,0.1,600,70
808,655.95375,0.1,4800,70
809,656.6525,0.1,3809.763,70
810,657.36545,0.1,188.988,70
811,658.252,0.1,3023.811,70
812,658.95785,0.1,15239.05,70
813,659.7676,0.1,6047.621,70
814,660.6516,0.1,476.22,70
815,661.55465,0.1,1511.905,60
816,662.4585,0.1,3023.811,60
817,663.2541,0.1,7619.525,60
818,663.95515,0.1,238.11,60
819,664.8528,0.1,1904.881,60
820,665.76095,0.1,600,60
821,666.5562,0.1,12095.242,60
822,667.2529,0.1,952.441,60
823,668.05215,0.1,150,60
824,668.76445,0.1,9600,60
825,669.55365,0.1,15239.05,60
826,670.3532,0.1,3809.763,60
827,671.0533,0.1,300,60
828,671.9559,0.1,19200,60
829,672.75475,0.1,188.988,60
830,673.6575,0.1,755.953,60
831,674.3567,0.1,6047.621,60
832,675.15445,0.1,4800,60
833,675.8535,0.1,2400,60
834,676.75975,0.1,476.22,60
835,677.6537,0.1,377.976,60
836,678.55765,0.1,1200,60
837,679.25495,0.1,238.11,50
838,680.15565,0.1,9600,50
839,680.95355,0.1,755.953,50
840,681.7701,0.1,1904.881,50
841,682.45585,0.1,952.441,50
842,683.1546,0.1,150,50
843,684.05335,0.1,476.22,50
844,684.754,0.1,188.988,50
845,685.4626,0.1,3809.763,50
846,686.2593,0.1,12095.242,50
847,687.25455,0.1,300,50
848,688.05485,0.1,377.976,50
849,688.98555,0.1,2400,50
850,689.6567,0.1,7619.525,50
851,690.46785,0.1,600,50
852,691.355,0.1,19200,50
853,692.0709,0.1,6047.621,50
854,692.9609,0.1,4800,50
855,693.7554,0.1,3023.811,50
856,694.6697,0.1,15239.05,50
857,695.4593,0.1,1200,50
858,696.1677,0.1,1511.905,50
859,697.1653,0.1,4800,40
860,698.0759,0.1,3809.763,40
861,698.855,0.1,476.22,40
862,699.556,0.1,377.976,40
863,700.45605,0.1,2400,40
864,701.25515,0.1,9600,40
865,701.9669,0.1,12095.242,40
866,702.65595,0.1,300,40
867,703.55565,0.1,238.11,40
868,704.3625,0.1,1511.905,40
869,705.0563,0.1,150,40
870,705.76295,0.1,952.441,40
871,706.4576,0.1,1904.881,40
872,707.3557,0.1,19200,40
873,708.15585,0.1,3023.811,40
874,708.9592,0.1,7619.525,40
875,709.7605,0.1,15239.05,40
876,710.4564,0.1,6047.621,40
877,711.36595,0.1,755.953,40
878,712.0598,0.1,1200,40
879,712.7562,0.1,600,40
880,713.57095,0.1,188.988,40
881,714.35735,0.1,377.976,70
882,715.1588,0.1,9600,70
883,716.06895,0.1,15239.05,70
884,716.75655,0.1,952.441,70
885,717.657,0.1,238.11,70
886,718.36675,0.1,1904.881,70
887,719.057,0.1,150,70
888,719.8564,0.1,7619.525,70
889,720.7742,0.1,476.22,70
890,721.46475,0.1,19200,70
891,722.1587,0.1,6047.621,70
892,723.06835,0.1,4800,70
